{"command":"?","args":["?"],"username":"root","time":"2023-12-14T18:01:32.346806205+03:00"}
{"command":"help","args":["help"],"username":"root","time":"2023-12-14T18:01:34.855408049+03:00"}
{"command":"commands","args":["commands"],"username":"root","time":"2023-12-14T18:01:38.882993727+03:00"}
{"command":"commands","args":["commands"],"username":"root","time":"2023-12-14T18:17:16.054685353+03:00"}
{"command":"a8,a9-a\u003c3","args":["a8,a9-a\u003c3"],"username":"root","time":"2023-12-14T18:18:05.143621862+03:00"}
{"command":"commands","args":["commands"],"username":"root","time":"2023-12-14T18:18:07.490742306+03:00"}
{"command":"clear","args":["clear"],"username":"root","time":"2023-12-14T18:19:39.239405214+03:00"}
{"command":"cls","args":["cls"],"username":"root","time":"2023-12-14T18:19:40.238281738+03:00"}
{"command":"c","args":["c"],"username":"root","time":"2023-12-14T18:19:42.499864296+03:00"}
{"command":"!","args":["!"],"username":"root","time":"2023-12-14T18:19:45.188497341+03:00"}
{"command":"users","args":["users"],"username":"root","time":"2023-12-14T18:19:48.098767091+03:00"}
{"command":"jhj","args":["jhj"],"username":"root","time":"2023-12-14T18:20:03.605255493+03:00"}
{"command":"ongoing","args":["ongoing"],"username":"root","time":"2023-12-14T18:20:06.362597268+03:00"}
{"command":"methods","args":["methods"],"username":"root","time":"2023-12-14T18:27:17.015711999+03:00"}
{"command":"l7","args":["l7"],"username":"root","time":"2023-12-14T18:27:21.220597049+03:00"}
{"command":"l4","args":["l4"],"username":"root","time":"2023-12-14T18:27:22.999634686+03:00"}
{"command":"ip","args":["ip"],"username":"root","time":"2023-12-14T18:27:25.731971507+03:00"}
{"command":"с","args":["с"],"username":"root","time":"2023-12-14T20:34:51.63818634+03:00"}
{"command":"в","args":["в"],"username":"root","time":"2023-12-14T20:34:52.742110344+03:00"}
{"command":"test","args":["test"],"username":"root","time":"2023-12-14T20:38:05.420698121+03:00"}
{"command":"hello","args":["hello"],"username":"root","time":"2023-12-14T20:38:13.924700035+03:00"}
{"command":"custom","args":["custom"],"username":"root","time":"2023-12-14T20:58:27.969988763+03:00"}
{"command":"f","args":["f"],"username":"root","time":"2023-12-14T21:14:16.005773913+03:00"}
{"command":"f","args":["f"],"username":"root","time":"2023-12-14T21:14:52.849846656+03:00"}
{"command":"f","args":["f"],"username":"root","time":"2023-12-14T21:14:54.005929288+03:00"}
{"command":"f","args":["f"],"username":"root","time":"2023-12-14T21:14:54.874163716+03:00"}
{"command":"s","args":["s"],"username":"root","time":"2023-12-14T21:14:55.563215452+03:00"}
{"command":"d","args":["d"],"username":"root","time":"2023-12-14T21:14:56.353917566+03:00"}
{"command":"a","args":["a"],"username":"root","time":"2023-12-14T21:14:57.182172039+03:00"}
{"command":"cc","args":["cc"],"username":"root","time":"2023-12-14T21:15:18.188243111+03:00"}
{"command":"vv","args":["vv"],"username":"root","time":"2023-12-14T21:15:40.898694894+03:00"}
{"command":"vg","args":["vg"],"username":"root","time":"2023-12-14T21:15:57.743209895+03:00"}
{"command":"cls","args":["cls"],"username":"root","time":"2023-12-14T21:16:37.698107182+03:00"}
{"command":"cls","args":["cls"],"username":"root","time":"2023-12-14T21:16:39.473533871+03:00"}
{"command":"cls","args":["cls"],"username":"root","time":"2023-12-14T21:16:40.646063216+03:00"}
{"command":"credits","args":["credits"],"username":"root","time":"2023-12-14T21:17:06.138020522+03:00"}
{"command":"credits","args":["credits"],"username":"root","time":"2023-12-14T21:21:15.348017453+03:00"}
{"command":"creds","args":["creds"],"username":"root","time":"2023-12-14T21:25:17.690629039+03:00"}
{"command":"methods","args":["methods"],"username":"root","time":"2023-12-15T11:27:48.928178602+03:00"}
{"command":"creds","args":["creds"],"username":"root","time":"2023-12-15T11:27:53.838474868+03:00"}
{"command":"help","args":["help"],"username":"root","time":"2023-12-15T11:27:56.273070092+03:00"}
{"command":"home","args":["home"],"username":"root","time":"2023-12-15T11:29:03.228559322+03:00"}
{"command":"ls","args":["ls"],"username":"root","time":"2023-12-15T11:29:07.894430859+03:00"}
{"command":"attack","args":["attack"],"username":"root","time":"2023-12-15T11:29:08.83064746+03:00"}
{"command":"?","args":["?"],"username":"root","time":"2023-12-15T11:29:10.270810692+03:00"}
{"command":".gudp","args":[".gudp"],"username":"root","time":"2023-12-15T11:29:12.227579746+03:00"}
{"command":".udp","args":[".udp"],"username":"root","time":"2023-12-15T11:29:13.328881942+03:00"}
{"command":"ranks","args":["ranks"],"username":"root","time":"2023-12-15T11:29:32.235992184+03:00"}
{"command":"plans","args":["plans"],"username":"root","time":"2023-12-15T11:29:34.024555077+03:00"}
{"command":"gdsfgdf","args":["gdsfgdf"],"username":"root","time":"2023-12-15T11:29:38.481492957+03:00"}
{"command":"passwd","args":["passwd"],"username":"root","time":"2023-12-15T11:29:39.205781509+03:00"}
{"command":"exit","args":["exit"],"username":"root","time":"2023-12-15T11:29:41.890615999+03:00"}
{"command":"ecx","args":["ecx"],"username":"root","time":"2023-12-15T11:29:43.364661071+03:00"}
{"command":"close","args":["close"],"username":"root","time":"2023-12-15T11:29:44.632585111+03:00"}
{"command":"sdf","args":["sdf"],"username":"root","time":"2023-12-15T11:29:45.732696743+03:00"}
{"command":"fdgf","args":["fdgf"],"username":"root","time":"2023-12-15T11:29:45.959570659+03:00"}
{"command":"dg","args":["dg"],"username":"root","time":"2023-12-15T11:29:46.12792079+03:00"}
{"command":"fdg","args":["fdg"],"username":"root","time":"2023-12-15T11:29:46.293930741+03:00"}
{"command":"logs","args":["logs"],"username":"root","time":"2023-12-15T11:29:47.040870408+03:00"}
{"command":"log","args":["log"],"username":"root","time":"2023-12-15T11:29:48.157255306+03:00"}
{"command":"logs","args":["logs"],"username":"root","time":"2023-12-15T11:29:48.907634731+03:00"}
{"command":"attacks","args":["attacks"],"username":"root","time":"2023-12-15T11:29:50.035787291+03:00"}
{"command":"attacks  search","args":["attacks","","search"],"username":"root","time":"2023-12-15T11:29:52.20097809+03:00"}
{"command":"passwd","args":["passwd"],"username":"root","time":"2023-12-15T11:50:10.181024377+03:00"}
{"command":"?","args":["?"],"username":"root","time":"2023-12-15T11:50:16.546637872+03:00"}
{"command":"commands","args":["commands"],"username":"root","time":"2023-12-15T11:50:18.302012217+03:00"}
{"command":"commands","args":["commands"],"username":"root","time":"2023-12-15T11:50:24.708466675+03:00"}
{"command":"commands","args":["commands"],"username":"root","time":"2023-12-15T11:50:29.222331624+03:00"}
{"command":"commands","args":["commands"],"username":"root","time":"2023-12-15T11:50:36.873025575+03:00"}
{"command":"creds","args":["creds"],"username":"root","time":"2023-12-15T11:51:14.280037802+03:00"}
{"command":"myip","args":["myip"],"username":"root","time":"2023-12-15T11:51:57.659351737+03:00"}
{"command":"broadcast","args":["broadcast"],"username":"root","time":"2023-12-15T11:52:11.821863938+03:00"}
{"command":"broadcast pidoras","args":["broadcast","pidoras"],"username":"root","time":"2023-12-15T11:52:14.600862176+03:00"}
{"command":"broadcast pidoras gnida assadksak","args":["broadcast","pidoras","gnida","assadksak"],"username":"root","time":"2023-12-15T11:52:19.094757476+03:00"}
{"command":"tokens","args":["tokens"],"username":"root","time":"2023-12-15T11:53:30.959845437+03:00"}
{"command":"chat","args":["chat"],"username":"root","time":"2023-12-15T11:53:33.797019189+03:00"}
{"command":"themes","args":["themes"],"username":"root","time":"2023-12-15T11:53:45.565142896+03:00"}
{"command":"creds","args":["creds"],"username":"root","time":"2023-12-15T11:54:02.700238914+03:00"}
{"command":"creds","args":["creds"],"username":"root","time":"2023-12-15T11:55:20.887055922+03:00"}
{"command":"home","args":["home"],"username":"root","time":"2023-12-15T11:55:41.184790668+03:00"}
{"command":"cls","args":["cls"],"username":"root","time":"2023-12-15T11:55:55.813388324+03:00"}
{"command":"cls","args":["cls"],"username":"root","time":"2023-12-15T11:56:02.158988271+03:00"}
{"command":"а","args":["а"],"username":"root","time":"2023-12-15T11:56:21.840235434+03:00"}
{"command":"ы","args":["ы"],"username":"root","time":"2023-12-15T11:56:28.008327472+03:00"}
{"command":"ячч","args":["ячч"],"username":"root","time":"2023-12-15T11:56:30.912725246+03:00"}
{"command":"zxc","args":["zxc"],"username":"root","time":"2023-12-15T11:56:34.733037509+03:00"}
{"command":"c","args":["c"],"username":"root","time":"2023-12-15T11:56:55.233867163+03:00"}
{"command":"zxc","args":["zxc"],"username":"root","time":"2023-12-15T11:56:56.790861607+03:00"}
{"command":"c","args":["c"],"username":"root","time":"2023-12-15T11:56:57.678246442+03:00"}
{"command":"cls","args":["cls"],"username":"root","time":"2023-12-15T11:56:58.829202024+03:00"}
{"command":"admin","args":["admin"],"username":"root","time":"2023-12-15T12:09:58.301221785+03:00"}
{"command":"users","args":["users"],"username":"root","time":"2023-12-15T12:10:00.357560679+03:00"}
{"command":"users add","args":["users","add"],"username":"root","time":"2023-12-15T12:10:02.240244749+03:00"}
{"command":"user","args":["user"],"username":"root","time":"2023-12-15T12:10:04.125782563+03:00"}
{"command":"user add","args":["user","add"],"username":"root","time":"2023-12-15T12:10:05.509788425+03:00"}
{"command":"useradd","args":["useradd"],"username":"root","time":"2023-12-15T12:10:12.696007187+03:00"}
{"command":"user_add","args":["user_add"],"username":"root","time":"2023-12-15T12:10:14.76523303+03:00"}
{"command":"users_add","args":["users_add"],"username":"root","time":"2023-12-15T12:10:16.458589035+03:00"}
{"command":"users_add","args":["users_add"],"username":"root","time":"2023-12-15T12:10:17.942455123+03:00"}
{"command":"commands","args":["commands"],"username":"root","time":"2023-12-15T12:10:19.105167982+03:00"}
{"command":"add","args":["add"],"username":"root","time":"2023-12-15T12:11:16.008086147+03:00"}
{"command":"addusers","args":["addusers"],"username":"root","time":"2023-12-15T12:11:17.708815331+03:00"}
{"command":"adduser\\","args":["adduser\\"],"username":"root","time":"2023-12-15T12:11:18.470709096+03:00"}
{"command":"adduser","args":["adduser"],"username":"root","time":"2023-12-15T12:11:19.573690793+03:00"}
{"command":"users pidor","args":["users","pidor"],"username":"root","time":"2023-12-15T12:12:31.161661659+03:00"}
{"command":"users newuser=create pidor","args":["users","newuser=create","pidor"],"username":"root","time":"2023-12-15T12:12:57.697880376+03:00"}
{"command":"users newuser=true pidor","args":["users","newuser=true","pidor"],"username":"root","time":"2023-12-15T12:13:06.901788752+03:00"}
{"command":"users newuser=true pidor","args":["users","newuser=true","pidor"],"username":"root","time":"2023-12-15T12:13:19.926602654+03:00"}
{"command":"users create=true pidor","args":["users","create=true","pidor"],"username":"root","time":"2023-12-15T12:15:28.551844925+03:00"}
{"command":"users newuser pidor","args":["users","newuser","pidor"],"username":"root","time":"2023-12-15T12:15:52.381820896+03:00"}
{"command":"users newuser=false pidor","args":["users","newuser=false","pidor"],"username":"root","time":"2023-12-15T12:15:56.195953711+03:00"}
{"command":"users newuser=false pidor","args":["users","newuser=false","pidor"],"username":"root","time":"2023-12-15T12:16:14.568953759+03:00"}
{"command":"users help","args":["users","help"],"username":"root","time":"2023-12-15T12:16:16.293610282+03:00"}
{"command":"users create","args":["users","create"],"username":"root","time":"2023-12-15T12:21:40.064492214+03:00"}
{"command":"broadcast","args":["broadcast"],"username":"root","time":"2023-12-15T12:22:27.341743436+03:00"}
{"command":"broadcast oidor","args":["broadcast","oidor"],"username":"root","time":"2023-12-15T12:22:29.270835887+03:00"}
{"command":"broadcast oidor","args":["broadcast","oidor"],"username":"root","time":"2023-12-15T12:22:32.502578478+03:00"}
{"command":"broadcast oidorфыфывыф","args":["broadcast","oidorфыфывыф"],"username":"root","time":"2023-12-15T12:22:34.364483105+03:00"}
{"command":"dsfs","args":["dsfs"],"username":"pidor","time":"2023-12-15T12:22:39.474381999+03:00"}
{"command":"broadcast oidorфыфывыф","args":["broadcast","oidorфыфывыф"],"username":"root","time":"2023-12-15T12:22:40.864978079+03:00"}
{"command":"users create","args":["users","create"],"username":"root","time":"2023-12-15T12:42:58.952151527+03:00"}
{"command":"users create","args":["users","create"],"username":"root","time":"2023-12-15T12:43:38.58034227+03:00"}
{"command":"fff","args":["fff"],"username":"root","time":"2023-12-15T12:43:50.220901272+03:00"}
{"command":"users create","args":["users","create"],"username":"root","time":"2023-12-15T12:44:29.418456279+03:00"}
{"command":"users create","args":["users","create"],"username":"root","time":"2023-12-15T12:46:02.073618766+03:00"}
{"command":"users create","args":["users","create"],"username":"root","time":"2023-12-15T12:51:09.914614442+03:00"}
{"command":"a","args":["a"],"username":"root","time":"2023-12-15T12:51:16.104342642+03:00"}
{"command":"users create","args":["users","create"],"username":"root","time":"2023-12-15T12:52:44.95139685+03:00"}
{"command":"гыукы","args":["гыукы"],"username":"root","time":"2023-12-15T12:54:29.325997416+03:00"}
{"command":"users remove lock","args":["users","remove","lock"],"username":"root","time":"2023-12-15T12:54:31.526058035+03:00"}
{"command":"гыукы","args":["гыукы"],"username":"root","time":"2023-12-15T12:54:36.800451748+03:00"}
{"command":"users create","args":["users","create"],"username":"root","time":"2023-12-15T12:54:38.842337744+03:00"}
{"command":"users remove lock","args":["users","remove","lock"],"username":"root","time":"2023-12-15T12:55:13.003391106+03:00"}
{"command":"users create","args":["users","create"],"username":"root","time":"2023-12-15T12:55:14.261987593+03:00"}
{"command":"users remove lock","args":["users","remove","lock"],"username":"root","time":"2023-12-15T12:55:37.753335811+03:00"}
{"command":"users create","args":["users","create"],"username":"root","time":"2023-12-15T12:55:39.615582141+03:00"}
{"command":"captcha","args":["captcha"],"username":"root","time":"2023-12-15T13:44:17.948016041+03:00"}
{"command":"commands","args":["commands"],"username":"root","time":"2023-12-15T13:44:22.183832982+03:00"}
{"command":"home","args":["home"],"username":"root","time":"2023-12-15T14:07:26.355602896+03:00"}
{"command":"home","args":["home"],"username":"root","time":"2023-12-15T14:08:10.534360315+03:00"}
{"command":"home","args":["home"],"username":"root","time":"2023-12-15T14:11:04.132206593+03:00"}
{"command":"home","args":["home"],"username":"root","time":"2023-12-15T14:11:08.478091182+03:00"}
{"command":"home","args":["home"],"username":"root","time":"2023-12-15T14:11:42.423872228+03:00"}
{"command":"home","args":["home"],"username":"root","time":"2023-12-15T14:12:50.675235042+03:00"}
{"command":"home","args":["home"],"username":"root","time":"2023-12-15T14:12:58.13749163+03:00"}
{"command":"home","args":["home"],"username":"root","time":"2023-12-15T14:13:05.377349712+03:00"}
{"command":"home","args":["home"],"username":"root","time":"2023-12-15T14:14:01.843374734+03:00"}
{"command":"home","args":["home"],"username":"root","time":"2023-12-15T14:14:13.858161964+03:00"}
{"command":"home","args":["home"],"username":"root","time":"2023-12-15T14:14:25.488701841+03:00"}
{"command":"home","args":["home"],"username":"root","time":"2023-12-15T14:15:00.614383563+03:00"}
{"command":"home","args":["home"],"username":"root","time":"2023-12-15T14:15:03.287621379+03:00"}
{"command":"home","args":["home"],"username":"root","time":"2023-12-15T14:15:06.260953564+03:00"}
{"command":"home","args":["home"],"username":"root","time":"2023-12-15T14:15:07.686755826+03:00"}
{"command":"home","args":["home"],"username":"root","time":"2023-12-15T14:17:15.485378937+03:00"}
{"command":"home","args":["home"],"username":"root","time":"2023-12-15T14:20:30.078972106+03:00"}
{"command":"home","args":["home"],"username":"root","time":"2023-12-15T14:21:15.189121171+03:00"}
{"command":"home","args":["home"],"username":"root","time":"2023-12-15T14:21:16.675904492+03:00"}
{"command":"home","args":["home"],"username":"root","time":"2023-12-15T14:22:59.86131233+03:00"}
{"command":"home","args":["home"],"username":"root","time":"2023-12-15T14:23:03.897297258+03:00"}
{"command":"home","args":["home"],"username":"root","time":"2023-12-15T14:23:08.129456233+03:00"}
{"command":"home","args":["home"],"username":"root","time":"2023-12-15T14:23:15.686154309+03:00"}
{"command":"home","args":["home"],"username":"root","time":"2023-12-15T14:25:22.174319574+03:00"}
{"command":"home","args":["home"],"username":"root","time":"2023-12-15T14:25:25.164813059+03:00"}
{"command":"home","args":["home"],"username":"root","time":"2023-12-15T14:25:49.891499866+03:00"}
{"command":"home","args":["home"],"username":"root","time":"2023-12-15T14:25:56.674761018+03:00"}
{"command":"cls","args":["cls"],"username":"root","time":"2023-12-15T14:27:10.506485414+03:00"}
{"command":"home","args":["home"],"username":"root","time":"2023-12-15T14:27:12.506363929+03:00"}
{"command":"home","args":["home"],"username":"root","time":"2023-12-15T14:27:16.463300014+03:00"}
{"command":"home","args":["home"],"username":"root","time":"2023-12-15T14:28:02.327865672+03:00"}
{"command":"home","args":["home"],"username":"root","time":"2023-12-15T14:28:09.615863765+03:00"}
{"command":"home","args":["home"],"username":"root","time":"2023-12-15T14:28:44.012862608+03:00"}
{"command":"home","args":["home"],"username":"root","time":"2023-12-15T14:28:46.68474207+03:00"}
{"command":"home","args":["home"],"username":"root","time":"2023-12-15T14:29:14.632283236+03:00"}
{"command":"home","args":["home"],"username":"root","time":"2023-12-15T14:29:17.536395901+03:00"}
{"command":"home","args":["home"],"username":"root","time":"2023-12-15T14:29:25.49315565+03:00"}
{"command":"home","args":["home"],"username":"root","time":"2023-12-15T14:29:36.270615697+03:00"}
{"command":"home","args":["home"],"username":"root","time":"2023-12-15T14:29:39.641668737+03:00"}
{"command":"home","args":["home"],"username":"root","time":"2023-12-15T14:30:03.933524393+03:00"}
{"command":"home","args":["home"],"username":"root","time":"2023-12-15T14:30:06.752442185+03:00"}
{"command":"home","args":["home"],"username":"root","time":"2023-12-15T14:30:13.423787753+03:00"}
{"command":"home","args":["home"],"username":"root","time":"2023-12-15T14:30:30.798447544+03:00"}
{"command":"home","args":["home"],"username":"root","time":"2023-12-15T14:30:34.66934947+03:00"}
{"command":"home","args":["home"],"username":"root","time":"2023-12-15T14:30:51.070615826+03:00"}
{"command":"home","args":["home"],"username":"root","time":"2023-12-15T14:30:53.341992409+03:00"}
{"command":"home","args":["home"],"username":"root","time":"2023-12-15T14:30:58.488129994+03:00"}
{"command":"home","args":["home"],"username":"root","time":"2023-12-15T14:31:00.314010602+03:00"}
{"command":"d","args":["d"],"username":"root","time":"2023-12-15T14:32:09.975046092+03:00"}
{"command":"home","args":["home"],"username":"root","time":"2023-12-15T14:32:12.555563453+03:00"}
{"command":"home","args":["home"],"username":"root","time":"2023-12-15T14:32:19.492483076+03:00"}
{"command":"home","args":["home"],"username":"root","time":"2023-12-15T14:32:25.830822598+03:00"}
{"command":"home","args":["home"],"username":"root","time":"2023-12-15T14:32:29.688864309+03:00"}
{"command":"?","args":["?"],"username":"root","time":"2023-12-15T14:32:44.586245825+03:00"}
{"command":"f","args":["f"],"username":"root","time":"2023-12-15T14:33:52.314411526+03:00"}
{"command":"f","args":["f"],"username":"root","time":"2023-12-15T14:33:53.290036816+03:00"}
{"command":"ghfgh","args":["ghfgh"],"username":"root","time":"2023-12-15T14:33:54.126186382+03:00"}
{"command":"c","args":["c"],"username":"root","time":"2023-12-15T14:33:57.412527661+03:00"}
{"command":"cls","args":["cls"],"username":"root","time":"2023-12-15T14:33:58.922212229+03:00"}
{"command":"home","args":["home"],"username":"root","time":"2023-12-15T14:34:00.073472217+03:00"}
{"command":"help","args":["help"],"username":"root","time":"2023-12-15T14:35:10.735526001+03:00"}
{"command":"commands","args":["commands"],"username":"root","time":"2023-12-15T14:35:12.804349953+03:00"}
{"command":"plans","args":["plans"],"username":"root","time":"2023-12-15T14:36:04.789629567+03:00"}
{"command":"help","args":["help"],"username":"root","time":"2023-12-15T14:36:13.630374447+03:00"}
{"command":"commands","args":["commands"],"username":"root","time":"2023-12-15T14:36:15.829267806+03:00"}
{"command":"commands","args":["commands"],"username":"root","time":"2023-12-15T14:37:10.990949038+03:00"}
{"command":"help","args":["help"],"username":"pidor","time":"2023-12-15T14:38:26.517228085+03:00"}
{"command":"commands","args":["commands"],"username":"pidor","time":"2023-12-15T14:38:28.275545965+03:00"}
{"command":"ongoing","args":["ongoing"],"username":"root","time":"2023-12-15T14:40:50.078436219+03:00"}
{"command":"wo","args":["wo"],"username":"root","time":"2023-12-15T14:40:56.056795042+03:00"}
{"command":"who","args":["who"],"username":"root","time":"2023-12-15T14:40:58.424495396+03:00"}
{"command":"commands","args":["commands"],"username":"root","time":"2023-12-15T14:43:50.706698515+03:00"}
{"command":"commands","args":["commands"],"username":"root","time":"2023-12-15T14:44:30.623159071+03:00"}
{"command":"скувы","args":["скувы"],"username":"root","time":"2023-12-15T14:49:11.605285323+03:00"}
{"command":"creds","args":["creds"],"username":"root","time":"2023-12-15T14:49:12.790171581+03:00"}
{"command":"commands","args":["commands"],"username":"root","time":"2023-12-15T14:49:42.309784946+03:00"}
{"command":"who","args":["who"],"username":"root","time":"2023-12-15T14:49:45.047984236+03:00"}
{"command":"credits","args":["credits"],"username":"root","time":"2023-12-15T14:50:03.039970226+03:00"}
{"command":"who","args":["who"],"username":"root","time":"2023-12-15T14:50:05.955829023+03:00"}
{"command":"creds","args":["creds"],"username":"root","time":"2023-12-15T14:50:07.346222167+03:00"}
{"command":"commands","args":["commands"],"username":"root","time":"2023-12-15T14:50:10.971859802+03:00"}
{"command":"commands","args":["commands"],"username":"root","time":"2023-12-15T15:31:06.549364372+03:00"}
{"command":"commands","args":["commands"],"username":"root","time":"2023-12-15T15:31:22.878833078+03:00"}
{"command":"help","args":["help"],"username":"root","time":"2023-12-15T17:36:56.52719182+03:00"}
{"command":"command","args":["command"],"username":"root","time":"2023-12-15T17:36:58.521808175+03:00"}
{"command":"command","args":["command"],"username":"root","time":"2023-12-15T17:37:04.373717648+03:00"}
{"command":"whopidor","args":["whopidor"],"username":"root","time":"2023-12-15T17:37:08.752588302+03:00"}
{"command":"cfx","args":["cfx"],"username":"root","time":"2023-12-15T17:37:23.771199023+03:00"}
{"command":"slaves","args":["slaves"],"username":"root","time":"2023-12-15T17:37:32.868375477+03:00"}
{"command":"command","args":["command"],"username":"root","time":"2023-12-15T17:38:06.69215403+03:00"}
{"command":"myattacks","args":["myattacks"],"username":"root","time":"2023-12-15T17:38:28.389198403+03:00"}
{"command":"myrunning","args":["myrunning"],"username":"root","time":"2023-12-15T17:38:31.213265364+03:00"}
{"command":"attack","args":["attack"],"username":"root","time":"2023-12-15T17:38:58.087939527+03:00"}
{"command":"ranks","args":["ranks"],"username":"root","time":"2023-12-15T17:39:04.69279871+03:00"}
{"command":"ranks","args":["ranks"],"username":"root","time":"2023-12-15T17:39:20.178784818+03:00"}
{"command":"command","args":["command"],"username":"root","time":"2023-12-15T17:39:24.160289983+03:00"}
{"command":"commands","args":["commands"],"username":"root","time":"2023-12-15T17:39:54.548916818+03:00"}
{"command":"commands","args":["commands"],"username":"root","time":"2023-12-15T17:40:10.943171254+03:00"}
{"command":"cfx","args":["cfx"],"username":"root","time":"2023-12-15T17:40:17.244883123+03:00"}
{"command":"cfx","args":["cfx"],"username":"root","time":"2023-12-15T17:40:39.401009751+03:00"}
{"command":"reload","args":["reload"],"username":"root","time":"2023-12-15T17:40:47.713696467+03:00"}
{"command":"cfx","args":["cfx"],"username":"root","time":"2023-12-15T17:40:49.271891845+03:00"}
{"command":"commands","args":["commands"],"username":"root","time":"2023-12-15T17:41:52.36273293+03:00"}
{"command":"cfx","args":["cfx"],"username":"root","time":"2023-12-15T17:41:54.807125635+03:00"}
{"command":"commands","args":["commands"],"username":"root","time":"2023-12-15T17:41:56.227448705+03:00"}
{"command":"commands","args":["commands"],"username":"root","time":"2023-12-15T17:41:57.590633344+03:00"}
{"command":"?","args":["?"],"username":"root","time":"2023-12-15T17:43:08.833504861+03:00"}
{"command":"tokens","args":["tokens"],"username":"root","time":"2023-12-15T17:43:31.586983625+03:00"}
{"command":"reload","args":["reload"],"username":"root","time":"2023-12-15T17:48:16.908523788+03:00"}
{"command":"reload","args":["reload"],"username":"root","time":"2023-12-15T17:49:30.723062007+03:00"}
{"command":"api","args":["api"],"username":"root","time":"2023-12-15T18:42:16.299587498+03:00"}
{"command":"apis","args":["apis"],"username":"root","time":"2023-12-15T18:42:17.258031892+03:00"}
{"command":"apis grant","args":["apis","grant"],"username":"root","time":"2023-12-15T18:42:22.952465271+03:00"}
{"command":"commands","args":["commands"],"username":"root","time":"2023-12-15T18:42:24.920512226+03:00"}
{"command":"sessions","args":["sessions"],"username":"root","time":"2023-12-15T18:42:38.584573716+03:00"}
{"command":"sessions ?","args":["sessions","?"],"username":"root","time":"2023-12-15T18:42:43.858150895+03:00"}
{"command":".","args":["."],"username":"root","time":"2023-12-15T20:06:51.953959809+03:00"}
{"command":".udp","args":[".udp"],"username":"root","time":"2023-12-15T20:06:53.982363934+03:00"}
{"command":".udp 1.1.1.1 443 30","args":[".udp","1.1.1.1","443","30"],"username":"root","time":"2023-12-15T20:07:22.155410554+03:00"}
{"command":".udp 1.1.1.2 443 30","args":[".udp","1.1.1.2","443","30"],"username":"root","time":"2023-12-15T20:07:26.25478959+03:00"}
{"command":".udp 1.1.1.2 443 50","args":[".udp","1.1.1.2","443","50"],"username":"root","time":"2023-12-15T20:07:29.489724697+03:00"}
{"command":".","args":["."],"username":"root","time":"2023-12-15T20:07:32.655096429+03:00"}
{"command":".udo","args":[".udo"],"username":"root","time":"2023-12-15T20:07:34.126872519+03:00"}
{"command":".udp","args":[".udp"],"username":"root","time":"2023-12-15T20:07:35.348594969+03:00"}
{"command":".udp 2.2.3.4 30 443","args":[".udp","2.2.3.4","30","443"],"username":"root","time":"2023-12-15T20:07:58.095228099+03:00"}
{"command":".udp 2.2.3.4 30 443","args":[".udp","2.2.3.4","30","443"],"username":"root","time":"2023-12-15T20:15:03.929078928+03:00"}
{"command":".udp 2.2.3.4 30 443","args":[".udp","2.2.3.4","30","443"],"username":"root","time":"2023-12-15T20:15:38.362050318+03:00"}
{"command":".udp 2.2.3.4 30 443","args":[".udp","2.2.3.4","30","443"],"username":"root","time":"2023-12-15T20:15:40.711243055+03:00"}
{"command":".udp 2.2.3.5 30 443","args":[".udp","2.2.3.5","30","443"],"username":"root","time":"2023-12-15T20:15:46.767131612+03:00"}
{"command":".udp 2.2.3.5 30 443","args":[".udp","2.2.3.5","30","443"],"username":"root","time":"2023-12-15T20:15:57.752555531+03:00"}
{"command":".udp 2.2.3.5 30 443","args":[".udp","2.2.3.5","30","443"],"username":"root","time":"2023-12-15T20:16:12.987822357+03:00"}
{"command":".udp 2.2.3.56 30 443","args":[".udp","2.2.3.56","30","443"],"username":"root","time":"2023-12-15T20:16:16.836310199+03:00"}
{"command":"home","args":["home"],"username":"root","time":"2023-12-15T20:16:21.642167659+03:00"}
{"command":".udp 2.2.3.56 30 443","args":[".udp","2.2.3.56","30","443"],"username":"root","time":"2023-12-15T20:18:34.371461267+03:00"}
{"command":".udp 2.2.3.16 30 443","args":[".udp","2.2.3.16","30","443"],"username":"root","time":"2023-12-15T20:18:38.116790479+03:00"}
{"command":"plan","args":["plan"],"username":"root","time":"2023-12-15T20:32:55.044070236+03:00"}
{"command":"plan set","args":["plan","set"],"username":"root","time":"2023-12-15T20:32:57.288414784+03:00"}
{"command":"plan create","args":["plan","create"],"username":"root","time":"2023-12-15T20:33:14.518473469+03:00"}
{"command":"online","args":["online"],"username":"root","time":"2023-12-15T20:39:56.192199994+03:00"}
{"command":"commands","args":["commands"],"username":"root","time":"2023-12-15T20:40:02.040664841+03:00"}
{"command":"sessions","args":["sessions"],"username":"root","time":"2023-12-15T20:40:11.776072928+03:00"}
{"command":"creds","args":["creds"],"username":"root","time":"2023-12-15T20:40:18.057136944+03:00"}
{"command":"online","args":["online"],"username":"pidor","time":"2023-12-15T20:41:40.345483003+03:00"}
{"command":"reload","args":["reload"],"username":"pidor","time":"2023-12-15T20:42:09.423439689+03:00"}
{"command":"reload","args":["reload"],"username":"pidor","time":"2023-12-15T20:42:40.184801369+03:00"}
{"command":"Plans","args":["Plans"],"username":"pidor","time":"2023-12-15T20:46:06.531227847+03:00"}
{"command":"plans","args":["plans"],"username":"root","time":"2023-12-15T20:46:16.369671136+03:00"}
{"command":"?","args":["?"],"username":"root","time":"2023-12-15T20:47:38.852621673+03:00"}
